"Sample_1","Sample_2"
8.79975175939173,3.80813685595058
7.85356112697762,1.62926364806481
12.5758161567445,4.63474322110415
7.27299334917672,4.50696016079746
5.27812387789702,2.37657881574705
5.35932969997454,2.89446830400266
15.3579824573026,3.85346696479246
15.0539550685125,2.89792088209651
12.8309144354464,2.85720540909097
4.68541904058325,2.32405202928931
4.16911867196493,1.56632877420634
6.49876452446663,3.77245780080557
7.07124066152133,3.3228337217588
12.9849827341907,1.10030021052808
2.48529407349392,0.452133858343586
6.52776868217234,2.50416403636336
4.92083999124781,3.60168285551481
13.4801879801646,0.416364843258634
14.3249932185809,0.840369913494214
3.59393496715606,2.41538283415139
8.74661554820242,0.47256032587029
8.22585080318914,1.78133016452193
7.79714597173234,4.78020045091398
9.74854571938579,1.62391470861621
4.30563976466996,3.43114043003879
6.34348942674636,3.09078216203488
6.32395776411759,0.978243056451902
8.09706246320958,4.54311680165119
18.0700657357496,3.9487451617606
7.49535210605683,1.49742671404965
8.49753907746845,0.57074305950664
5.5316939392169,3.57714292826131
2.80501745928675,4.18836597586051
6.61382863758035,2.74274510447867
5.04729698245626,0.641027578385547
8.4906083281881,2.74174287798814
7.40290092883527,1.94194131181575
3.74861581037763,4.31022705859505
6.64757378803557,4.52437079045922
3.49688539451072,4.81981705408543
10.6932727588691,1.22143065324053
9.26668451879124,4.94836579309776
11.4758989004007,0.601770196808502
8.24778387359964,3.79533084575087
3.47365083313142,3.84803554276004
8.1964694934178,2.37059361068532
6.56378962476811,3.50366775528528
9.37169644739332,3.29098536167294
2.45528074303916,3.08061958639883
5.30153325454195,0.53599534323439
10.2833151749362,4.67602574266493
7.42342331504068,1.07155922218226
9.08993427755554,2.72019527968951
5.31066961668638,2.76612015673891
14.7467533690495,1.92825957783498
4.9419195996254,3.53665166650899
6.55486842653489,2.3861542029772
1.6479328880474,2.95258934609592
6.00923202760154,2.13620915194042
1.76684575217081,3.11728532426059
11.0794226051886,4.41182849113829
2.64193801603495,1.56719249906018
13.2274162044128,3.7553420860786
4.33556539817042,2.59299664758146
4.03465031074755,0.303204231895506
7.68012536141438,1.51650859159417
5.83576418091269,3.98860440589488
4.22698445138154,0.737632542150095
9.77936149531234,1.93451808299869
2.80160568216148,4.19702432234772
9.81090654763689,4.16883006808348
3.97376210846395,0.706603050930426
13.0147156362637,2.06251822295599
14.6711142129543,3.98079069913365
9.29141758136247,0.591074768453836
9.03132725373644,1.79596223635599
4.05998491017584,4.76413537398912
9.81689951641345,2.87101822090335
4.24763863241449,2.59751986828633
9.99552378259703,2.84037154051475
4.87616378802017,3.22856188635342
9.43704395189974,0.504010957665741
10.5476921816751,0.937677740585059
6.68924956026029,2.07405848428607
5.28560486509144,2.73712225724012
6.84967254546596,2.99208748387173
2.37682012261282,1.65301900706254
2.46854517824996,4.47618835023604
5.16887115659829,2.55652598803863
8.52382954739433,1.62982992245816
6.18068137692988,2.70208769012243
5.10973988676225,1.01987381232902
10.1515657483017,2.11071391357109
8.47296566321784,0.728716617450118
7.05063807170938,0.00121413264423609
4.58997228858199,3.24582570232451
16.2898410868806,0.291252012830228
5.24466623747402,3.13794950023293
4.99954218672079,1.16364110610448
8.91839675824077,4.42810371983796
5.76797783776147,7.8782681748271
4.99524488669896,8.93358531757258
5.90454654360699,5.37046581506729
12.6029651613492,9.4358422968071
13.6471485312507,9.09302299725823
10.2558453326476,7.72214530385099
4.5749447289869,9.18472349643707
11.4776519702217,7.81172778806649
3.39916855966991,5.79699895693921
8.95564685584541,7.23683892865665
8.94863813732515,6.89953013439663
6.2408161291545,6.02929956046864
7.72801520666503,5.46023467672057
5.85538975773788,5.25320985820144
11.4415533780341,6.16947365109809
5.91696838223172,9.98926120810211
6.34593534224603,8.05124710546806
3.15639042752356,6.64095027488656
3.90357620854609,7.63748999801464
6.23467853826572,6.19659276446328
3.88267509229303,7.23871778463945
5.1374719562742,9.45941734011285
5.2875875686237,9.05263445572928
5.70746436663539,9.09735500463285
5.47381664491268,5.67469782545231
5.3619428002301,8.28500564908609
2.81659810766926,7.57489545270801
3.12860108714587,8.97862477810122
0.978266373782898,6.89048719010316
5.81546899934647,8.41667631990276
7.10108149845056,7.98574317945167
7.49342943759897,6.25223979237489
2.35136002990112,5.06884084898047
8.63456905017227,9.67998323845677
3.83145124149642,9.30545713868923
7.88670889006988,8.12620154116303
11.2694867088729,8.8622093515005
15.1892985934166,7.42077743052505
10.9877439762427,8.6540848237928
6.98631245675637,9.64502912946045
8.20648494673543,8.73640389065258
4.85957358652536,6.77621550974436
14.1083799833525,6.36761084781028
6.85387957049487,5.89720551506616
16.0648328109824,6.56773390132003
7.36503944283782,7.07294729189016
5.81141830663306,7.78550556744449
9.17078879859366,6.68344577308744
8.62309412040306,5.80260925693437
12.7447419241055,7.05149298766628
10.7427680617855,5.28523771674372
4.96172727124289,8.76555982627906
5.19526053172349,8.59044145559892
19.6502145417276,5.28688312275335
6.9822632802509,6.04999852599576
11.3405324221921,6.03016119566746
3.52217371864149,7.840686426498
6.96028059293952,8.95429064170457
5.04724976445807,9.05246987123974
6.10708736662493,6.31776885944419
4.35958832787725,8.97001773468219
5.36305902609622,5.98894333699718
9.80685974408984,9.54320868942887
3.33091621821051,7.92337314574979
4.84919576849759,8.49177189869806
5.28140351764021,6.72256811172701
7.61543265020735,6.52963495929725
10.9857915826592,7.65182381146587
12.0661290328749,8.44039056799375
7.83600214641519,6.84048992116004
12.8377906520595,6.80880513857119
5.6470707301173,6.21281915693544
8.55032866907889,9.5509913074784
11.2657973455376,9.67530066496693
6.39645086684287,8.43868457945064
10.1777657770036,7.48506039963104
4.78696781873482,9.41150181926787
13.324496717969,8.07647830457427
6.7733212886392,8.89828498126008
15.6839146359764,9.99983350746334
3.6758052091831,6.99492748244666
1.4131398582339,5.54282287368551
4.73302752433175,6.56414173427038
9.16978109549797,5.94420707318932
4.12915319076813,5.85139578208327
19.8597920424976,9.47621705941856
9.82700740385496,6.84458874398842
23.8203732623032,9.40724162501283
5.37885811555883,6.64269562228583
7.10518852619615,8.59305865014903
6.03832604540349,8.4423347376287
4.1882660277942,8.62886409042403
4.16209178732823,6.99069120106287
14.5955449324477,9.28804708761163
6.679218667926,8.90012741438113
6.9740589106761,9.70464443787932
11.4794083831796,5.51480471855029
5.33884030826407,9.12637343048118
10.734235273608,5.56819061632268
5.24016851128593,7.64596795896068
7.62064833622594,6.76012741983868
4.72480101997271,5.99142600083724
5.14066704881028,9.54506404930726
9.22581925694346,6.45851410925388
11.2381410089827,5.52105957060121
13.6614512027532,6.27096494892612
16.1948840452323,6.63730129017495
4.87300567303595,5.70999918389134
4.89185078180097,5.19038583151996
5.06384578461041,8.89683890040033
9.13937408790312,7.92705261032097
8.76348134691552,7.54303667112254
6.27157083398498,8.83832974126562
9.4245239551323,5.81744119292125
11.0907304955229,7.17078758403659
6.84685959982757,9.47449511964805
3.85604318883565,5.94296141644008
4.49632726076459,6.28981254878454
6.60550322497513,6.5657563903369
8.78281400968402,6.34546186076477
2.31905261347888,5.1279880234506
3.42011878401796,7.85595918772742
2.97830532739057,8.82454792386852
6.18264475363328,7.54224809934385
3.08531685134062,9.33490357245319
6.80433405646846,9.42551316344179
2.67242066290082,6.88379851635545
4.34562702724135,8.90783275128342
6.07465041597528,9.18562329257838
19.3287388916781,5.02571917022578
6.85776018313019,6.31353311473504
4.06714976169572,9.11699509713799
5.66646740242522,7.02449877164327
6.75363265748988,5.94770175754093
14.0921397825297,6.39963109162636
6.39688261069706,6.32730441866443
4.53705121220869,6.80902597843669
4.37775705952957,8.13501463388093
10.1158447281403,6.23689024359919
12.8010831361143,9.42012936342508
11.8491703880616,5.83826471702196
2.26858709289948,6.85857648146339
10.8755556036431,8.20808585849591
13.9691719816841,9.25101873930544
4.73417311882063,7.65201936126687
11.9874358361491,9.82684691203758
9.18339501559811,7.22681973478757
15.5141830808445,6.10095433541574
7.11890976514776,6.43909934675321
5.93448266732304,9.11582675646059
16.23800295675,6.49989798199385
12.807655796225,9.51120278798044
4.58088056732715,9.77933478076011
5.79335498462589,7.59126504999585
5.46566375784959,9.04850065242499
9.41230125988326,7.35329206334427
5.54766924967285,8.63461218308657
4.89368010952815,5.77545296750031
5.5680201988065,8.60263998038135
10.0135072928765,6.71645479043946
5.85390513111169,5.69760274840519
5.15954277504205,6.42329851281829
15.8368407977575,9.19703785446472
2.72292726065468,8.23848251835443
14.248660759682,5.66255242214538
4.65049870762324,6.18086733389646
7.8659214940346,5.48808735446073
9.180353797661,9.05104265664704
7.62696793479025,8.26541326008737
7.1669731959047,6.49508734233677
3.85306860821173,8.42929562786594
8.24097821632609,9.52823651721701
8.36695239011228,8.79821664653718
5.32468098342676,7.28248883737251
7.45046417676901,9.24348639091477
9.41985088281848,7.24873398197815
7.13869596386439,6.58643540227786
6.06267293198268,6.56031793099828
7.53700800534351,9.44453255156986
14.7652277483846,8.81475615315139
6.6475077970031,6.56964619876817
2.41962438905354,5.8856665098574
9.76603144760779,9.58854370983317
1.41270255436605,9.77478649583645
6.18420648866512,6.94116765167564
15.2398401562733,7.3329993232619
2.33545571388527,9.74556313245557
2.83412821117562,5.54992163670249
6.74315833456951,5.81369068007916
5.067262309248,7.67748522921465
2.15210052189361,6.04013071744703
7.73409928805635,6.54487289953977
8.35566106917457,9.68838560511358
6.5257704169592,9.04035132145509
4.59457916199261,6.30132152931765
8.76605370252444,6.824753502151
7.89288238769611,8.85539907729253
4.71886620874636,7.20538212219253
6.78957010202706,8.10119401314296
7.26767006458759,9.62171987863258
6.19398745084585,14.4612991996109
9.19902382845494,12.1469130238984
11.9176252114524,11.0285398014821
5.74023693981868,11.4178043848369
5.53181961877389,11.8369763193186
6.56366040418574,11.8838332046289
5.14584671039177,13.2990789297037
4.16465322944353,12.0147195144091
4.78899605129158,11.6738734766841
6.83534817592338,11.4905293122865
11.4309260763074,10.8604191895574
17.804530865122,12.3535839829128
9.91990938016438,10.2872414991725
9.92641969680244,13.1526045640931
2.73481469544967,12.2412500740029
5.78690733619369,14.5946417644154
1.84094504959252,10.0230508309323
5.78319598832717,14.4943074742332
3.1157659496336,13.3436854055617
5.53127897671954,10.1349475572351
3.19095715799662,10.3486776945647
12.3363932652338,11.809322432382
5.22298837600461,10.8564610220492
7.83289027125503,11.8975252110977
12.3079143493824,10.1484095246997
11.8253532519679,13.1642990757246
11.2675552822182,10.094378843205
5.70027698479003,11.977084716782
6.53907861161573,10.1042147318367
6.36097715234394,10.8893248287495
2.14467064864224,11.7130656307563
10.1074312627231,14.5265284623019
14.3983444918067,11.2067246297374
5.87111097850232,13.8089556188788
10.2837757333691,13.8029468641616
7.99250931189081,13.1062686291989
6.57087692864869,11.4740374905523
10.8954549735097,13.0076446011662
5.27446020600811,13.9220620435663
8.82603015280825,11.4430455199908
16.273810386324,13.0290817352943
13.0723209946103,10.7653514912818
13.1749235326352,10.9155995736364
8.39335355155497,10.4450132139027
3.9418252725904,11.5458616707474
22.4777433814831,10.356329412898
13.2805257691638,14.3928339006379
10.4713986239399,12.8252273588441
10.2232372129973,10.7251796592027
6.50316210667381,13.1556091760285
10.8202048896773,10.8510579855647
11.7840443841264,14.7685388009995
7.09094949694053,13.1565836328082
6.17290956749776,10.7911327562761
4.53578674919261,13.1383847992402
4.36046104150653,10.6281347631011
6.78461193087252,14.3367672676686
6.05637270537403,11.453544520773
9.63515636299316,12.8785400826018
10.2715318627303,11.4071305107791
3.78824950710732,12.5011317222379
4.25823496594265,10.0400235969573
8.92968073525526,13.9194322552066
4.87642469437387,10.3002610336989
2.90016322018116,13.2505887339357
6.07557799558106,11.8520033138338
6.65629365466411,11.0361078870483
19.9932585950449,14.6116339892615
12.6343271315414,11.7695914208889
5.65107796072844,11.4266477653291
7.71076994208565,10.5965943995398
8.50963381629581,11.9437887950335
17.6275938925617,12.8996675240342
9.17383383933066,13.5486962704454
16.4406563811573,10.0318335345946
11.5955840152109,14.8040904628579
8.90214788123401,10.5073970602825
2.43672881411019,13.1593226885889
10.4225848590844,10.9338514215779
4.57088557112471,14.2918905755505
6.03271613348302,14.6192611986771
2.99604918684103,12.3688544193283
13.7557370652133,10.1873526151758
3.88946517778054,11.8339449691121
15.918320782096,10.9451045037713
13.5768582901154,13.3837038034108
8.29346172733656,11.9550458551385
2.81589902658157,13.4529592853505
5.5348568479492,12.1642414899543
10.0406715002945,12.0030717237387
7.50838410443323,11.797324399231
1.27438837386343,14.4204040965997
12.5393511178325,13.1597965979017
4.62970970286133,12.7824252832215
11.183551229616,10.7302567013539
5.92628048070318,11.3785321533214
7.6897939821622,10.6939562421758
11.0070232266822,12.677403811831
15.3831116919892,13.282178879017
8.07969942345468,14.5488508371636
15.0850738542033,13.1117857561912
8.85506299571083,12.5587561284192
1.54360458948165,13.7490078655537
2.08788859762056,13.385241413489
6.6026335123612,11.2668524740729
7.81906955841885,14.6214419882745
14.885489560014,12.8375539230183
3.4519891074331,10.1224280160386
11.4452116489608,12.3305032670032
6.05466224452763,11.0497905663215
10.1975300448982,13.2477552862838
2.03510416453845,13.2770234125201
5.78644681237804,12.7678098797332
4.08225548054502,14.3687371839769
3.7535762492294,11.0824878606945
8.03166998712712,10.5009703838732
10.5488966331214,10.4907395935152
10.8187195065888,10.0244730187114
5.8140666731627,11.3716728286818
13.8048098661825,13.4616595681291
13.3122259593043,12.8077692829538
8.27701580006883,13.5308583488222
6.47026279315648,12.5422673090361
4.86463857805687,10.035289627267
13.6676599308845,12.3290742060635
10.9310488390403,12.2942056995817
4.70037683540171,10.0392552849371
7.70525415795428,14.8638008721173
7.67670141365671,11.1680241522845
5.48205959191435,11.9632823765278
3.82675731457408,14.635594607098
5.97530047284339,14.6394237072673
2.01214894611445,10.689824630972
6.26297852243208,13.4149489621632
9.09156080989919,13.8658934808336
3.43463163873795,12.8857560805045
7.09104419581334,11.8379979010206
3.19909756152571,13.1471166899428
13.220370532634,10.6293919845484
5.08083069478416,13.1749644351657
29.8467692090886,10.5093531520106
5.54800601142676,14.6712126524653
13.1642481515336,11.4730436576065
13.0865225001041,10.4891432658769
17.0208859980443,12.1689417818561
5.29675862904293,13.8408882287331
6.39030567226145,14.4913014187478
13.4764385934308,10.9010318526998
3.30064018691427,14.5068359049037
12.8162788240865,14.8601208627224
11.0759274469746,13.4522562671918
8.89767705602923,13.3020914206281
8.09279980803326,12.6860982738435
4.62161908969161,11.4029002375901
8.31306407870031,12.0240336912684
13.2118025828273,11.5548105491325
8.7930465146633,12.7432572457474
3.70254892489287,10.2649156015832
5.32351776049445,11.5541285532527
4.01285733134356,10.0522457563784
6.07527409260099,10.8772904227953
6.18457336385078,13.1313676270656
8.45525917816832,10.4315118049271
13.8632293269776,11.7537441442255
8.71502927476329,10.2197507780511
3.23777023090779,12.6448125753086
6.9893325461631,12.9548387823161
6.58732835642124,10.2343962586019
4.25414680120384,13.8759098749142
10.4226192407217,12.3009768861812
5.07259592715563,12.4269337113947
11.9167639765714,10.4070684255566
5.1049127351214,12.633789969841
12.4154560759864,10.3119118802715
3.59540194940289,10.1280524733011
22.7915024431835,10.5270315823145
4.2954150582315,12.3072061652783
8.90507286103792,11.9466510845814
3.28227138514383,10.6508261675481
7.45774633726582,11.2330802215729
9.15290369607361,13.1952115288004
6.37348748141458,13.2633823435754
7.53066882099174,10.1115814957302
9.84431988738591,12.6062857941724
2.24140415575437,13.5849936900195
6.79941535979442,12.4488006765023
10.3408370326262,12.947033100063
7.63746837417084,13.9503472205251
3.52320113433525,13.0605290073436
11.258260645551,10.5326164746657
6.9523343502538,11.7736529721878
20.4897929325074,11.0316029889509
9.45749466235961,13.775939195184
7.46155398812014,14.5250891533215
8.21320895602672,10.1048923889175
6.50078218111621,10.6151267932728
10.8376472284393,13.5067593562417
6.84489656384639,13.1193906650878
2.52194261949759,11.1047983425669
6.87175409761452,14.4275667925831
3.20570813028173,12.6303515443578
7.55870074341665,12.613009843044
12.607756474273,14.566261053551
7.08772459850755,13.6524438625202
8.40438682526538,13.5767751617823
2.75269849982187,11.8228932609782
5.17185971859288,13.7717660702765
3.21825542603931,14.4771096552722
7.55473376338431,10.4839903791435
6.10238168634794,10.5356421845499
3.00197902562633,11.2564066553023
2.41147661102284,11.6071494761854
8.30474245290829,13.5642887197901
3.97022068316983,13.3293954574037
11.2606693877806,10.1602627697866
2.7272274973214,12.5230560277123
3.6002733429579,13.5278257762548
8.18805217801198,12.1320813568309
18.3730421184553,10.2616731426679
4.40171866139035,12.3216821020469
7.96168396201284,10.2347638038918
4.36049262022219,10.8708305039909
11.6892404277082,13.3717732457444
8.7656447788964,12.0538737333845
6.77695091449056,11.4569873583969
3.9316615096355,12.5216886377893
3.87863022299393,11.0259397828486
6.13534034278719,13.6163688718807
6.80134582058421,10.2221355121583
12.2514611788957,12.7743923105299
6.58680217845569,13.1275352090597
6.18735951248549,13.9886705542449
5.13303874471443,11.9891473976895
9.34398700741311,13.421379039064
5.29582742821506,10.5266950128134
11.1412140922323,13.0715379165486
7.14490733239876,10.2967267401982
2.4441104850531,13.535169105744
2.75207620663741,12.2873989108484
9.80657362465725,13.2646231947001
12.555232893454,14.3465268879663
5.96660916255035,10.413049479248
6.10901847201742,10.7313008164056
1.54605909917895,10.725936931558
9.56205574648356,12.1341911447234
8.5432334998227,11.5535673359409
5.88408356078403,11.7782396893017
10.6796244768803,11.2909840920474
5.6203061228449,11.725022647297
6.57677924785919,13.8190187362488
2.89515720789802,12.7806859940756
10.1201889545227,10.1211194077041
5.72593743934596,14.8644575721119
3.19715422109715,13.1997219857294
10.0644792235725,10.0258467451204
7.90531710230951,14.3038536002859
2.04484166750344,11.4785387797747
7.20777805688941,10.0545151135884
6.99537138628954,13.8164472975768
5.60591506010204,10.4528299195226
15.2987657608171,12.3374521976802
3.77732149311603,11.463865962578
10.4825305394715,12.128078895621
4.64201827493929,12.3805458529387
8.68384004032052,13.7480027065612
5.84878763655766,11.0278298985213
9.6110733202872,13.7729253899306
3.53083877566328,13.622068609111
16.5066760309224,14.499634046806
8.02729384592791,13.4551081585232
7.58069739741037,13.9186588861048
2.59796939273843,10.8541901409626
7.87032145106908,12.9084835120011
15.1873457071846,10.8084242092445
7.305180722,13.1139110703953
10.1487837262083,14.1757164290175
9.91722843830072,12.278610720532
2.31843722282686,13.5504925635178
4.62113823970803,13.0605770240072
5.55066676206007,13.7640116631519
3.80996870549837,10.6152780598495
3.8185821217998,12.3629443312529
3.35576013203297,11.6329577064607
2.74437543618434,14.013856217498
6.94942183783865,12.5927699112799
8.17159682855914,10.9992447483819
10.3346450629326,13.9000677037984
12.7586062589977,11.4657114853617
15.1411212870408,13.8754019269254
1.99171062403596,13.9888998027891
5.03078050717726,14.6040502679534
11.9338231988501,14.4369767582975
8.1353129628676,14.6554685709998
9.15932997901265,12.7344960323535
12.871883458092,10.368870330276
5.83315745181649,10.5505413957871
9.12454780148017,10.5786318634637
7.96123312645428,10.8451185375452
2.17892472363564,11.2783402670175
10.180773865816,11.9277179578785
8.78603968442115,18.8762169482652
6.73211035705604,19.1890629555564
8.1814584056723,17.4514471238945
4.70580585358565,19.2235723184422
4.8249438132706,19.5571336254943
9.32298765391834,16.0875858203508
8.04937316372247,19.8869136616122
5.21233819234344,15.4470613785088
14.0598590692451,19.3383572180755
10.8672193660986,16.1453425767832
7.01626593966311,16.71192092821
6.72519145810444,19.493371611461
14.1270837114789,15.5914238491096
3.50773588014427,17.522602789104
6.37339324586523,15.4858040914405
2.78596688948668,16.4522454107646
3.38713670578936,18.9243619376794
9.45293041591244,16.8777505820617
1.48062139135527,15.8383081539068
6.48369555376562,15.1826952770352
11.1091257331943,18.087461910909
12.7018433424061,15.9389757341705
12.7657588872828,17.0742847269867
9.29722044627262,19.1491518367548
10.5490471265212,19.2868556233589
7.60626878878706,19.2752414359711
3.60858869903917,18.0551000020932
5.93161161559192,17.0036678144243
4.61302658700006,19.7701100690756
5.57454059091914,16.7080587067176
10.9759347035849,15.2711196546443
11.1114421413775,15.4682273394428
8.63937248306115,16.4084887923673
6.16470268931621,18.3643271296751
4.92199249281375,17.3432937113103
4.51709200955193,17.4958362663165
5.30473945610438,15.1778366719373
2.30356710027535,15.1703024748713
8.46753837971495,19.1394921997562
4.66932125498701,19.6663721953519
10.8942932328672,19.2903803498484
6.02230320441117,17.0418188266922
3.76457944616208,18.2634423102718
6.24052643451417,15.5178363900632
7.5641299651518,18.2598763750866
9.40974466699577,19.7198823781218
8.71257806488285,15.4107251437381
9.93702847177223,15.0321969634388
6.43863921396489,16.7500269459561
16.53012227047,17.1058939991053
6.122483164573,19.0604792430531
3.69315347982391,18.2934679312166
4.2545798464851,15.105947800912
10.4069182988844,17.7062814868987
5.11724091991377,17.4682598083746
5.35453366321711,19.6032827941235
3.03495599566084,15.0244310509879
5.96813600891137,18.0586238554679
3.62153807549297,15.5426616501063
11.3538264122942,17.5419364182744
4.61343169951164,18.3596603339538
5.1505673416722,17.8074017318431
8.82801474895668,19.4248602376319
5.80046584070154,17.0472130761482
3.0668616125574,19.1908959846478
1.75738695921509,15.0470390368719
9.08623224218389,16.8458850227762
5.7124270448333,19.5770171121694
6.10835285614698,18.0887805018574
3.69121532177472,17.624960297253
3.60079510787973,19.3704692134634
15.9142828730676,15.3975352121051
15.6890475875349,18.0435531656258
6.21162703426073,17.9049110005144
10.2926593496153,19.4317706220318
9.09835104570786,17.774598459946
6.53455201225188,17.3689810489304
4.49091719576102,18.8066060002893
6.00618756803308,15.7826112047769
3.6551482529242,19.1000490123406
3.99055702284485,18.9859086752404
11.1007061482734,19.2083774483763
5.10588243512684,15.4616781848017
15.9188434553278,19.2782203946263
6.24802776412012,18.5186784202233
6.47539774989405,18.3336593396962
9.20742260044687,18.8836840109434
12.7828592322246,17.8068977617659
7.71163702619998,17.8338973608334
9.48257995294245,15.2374713472091
15.6662738617572,15.6182154209819
9.15319558042442,15.8209989184979
7.21231775360149,15.76340192114
5.60140926690143,17.117602112703
13.256403799645,17.7278248220682
14.0650915939242,17.5042264477815
6.04774380841223,18.9569390041288
5.502215529996,18.8168375496753
3.29902185740584,16.7629880493041
3.9364563057593,19.6463883062825
4.55033070754105,19.4696997280698
3.17127681975539,15.0912389555015
5.53860311613713,17.6126007910352
15.7877807411748,17.2464855283033
9.6125450068866,17.5199056183919
20.3543772288578,19.2595947044902
13.0845538197621,17.7649115747772
4.27833384368796,18.7314573745243
19.1322137292787,16.2377673853189
10.2378116719096,18.7640674971044
6.17978735173788,18.7861462926958
4.21380329107623,15.4612785438076
2.78774318180626,17.1118821843993
7.04555539169328,19.8188308090903
3.62841183428763,16.6216733178589
7.88686888902912,18.1345790857449
16.9169460930776,16.5071494062431
5.88068663462204,18.8776220905129
6.29016794457209,16.6926059243269
9.33035580338553,15.1608634577133
6.06483781892152,18.0975117743947
10.966492056203,15.1617674098816
6.69509235828259,18.152668797411
6.83327576404076,17.9061583022121
8.51341389865813,16.2078470119741
4.55494577989785,17.4201751116198
3.89523461187306,16.3119162723888
0.980257604983057,17.8451133810449
5.01846724139513,18.9319210883696
8.71642674574746,15.827000947902
7.63042117544063,16.8769098585472
3.91665524751377,19.958992023021
1.71416283987032,16.1944416782353
6.93676185824756,18.7317010178231
7.52305201354611,15.443096102681
5.51187333279427,18.0318346235435
10.1054499601286,18.3818382932805
20.1240125430238,18.0985685042106
9.03586795810644,15.8574009779841
10.1350943258217,19.8420706007164
18.6033611277947,16.8628713907674
4.63945904501029,16.2576101289596
6.51045225899726,18.1424718035851
2.04075010387164,18.6127872567158
2.08876490312552,17.2936577314977
9.46187491083344,17.8787094878498
9.35296410054596,15.7105933921412
5.35591880596626,17.0978853129782
7.90115710370309,19.9692710733507
3.67448164961796,17.7596322866157
12.5769356742701,16.297720358707
16.490382288455,16.2176787981298
4.56874333369618,16.6964606882539
3.12896769309445,16.8437297956552
6.97149902849856,15.4815282684285
11.4657550387388,18.9813257090282
8.27554044328161,17.1058737148996
11.8525590951275,16.057617663173
6.25859292891894,17.0699221151881
16.6241509234015,16.0682745231315
12.5975999740103,15.1177096739411
11.156361162267,15.1503907248843
7.85216160775239,19.4773805385921
5.45733283443277,17.6088441850152
2.61905716276557,15.6984206708148
4.46694400217562,16.4583731361199
2.23476663505823,15.736339520663
5.91373954061091,19.4884873286355
9.99180260318432,16.7012291040737
7.97578972534505,15.5505056073889
4.62892522414739,16.2142865220085
11.223867528869,19.638905323809
17.2072005822939,16.8462755600922
7.99172928688015,16.2054847215768
13.0612511192217,17.0237679744605
2.32865927753948,15.7222103280947
13.6333913853787,18.6067813425325
12.0617035393884,15.5039949074853
15.9604768944783,18.3026228647213
10.9460114261681,16.3396855152678
13.1040163360442,18.472891591955
7.60396019667966,18.4796174021903
10.8967021008448,17.3415612545796
4.87711866078016,19.4984328711871
7.28890467034323,17.4503961158916
11.5247665888125,16.9217392557766
3.78102040577319,15.6991329346783
12.4948045384914,17.6492488069925
4.13967994120441,15.165733480826
6.6581443997398,16.2889628205448
8.67263608703137,17.4523943266831
2.99052966995893,18.3223477203865
20.7774474054816,17.6818994781934
6.88424262294238,18.8525513221975
4.12889110633521,19.2933282197919
18.8768608717052,19.3585052865092
6.30289101654561,16.8370632291771
7.76062046555325,18.6267594911624
14.304681505414,17.4760348931886
8.35938225576229,18.4063478698954
12.0549414533007,18.7624607596081
3.68491542993403,15.2853818505537
20.2804055709751,15.9843600401655
9.40612202932813,18.3941731241066
17.6639950431942,15.0906523060985
1.1166583280407,15.4774883307982
7.94307664018054,19.7506861074362
5.98998097146394,18.9445501961745
0.948585414553491,18.0278988578357
12.9701504751404,18.1916444178205
10.9692991333541,19.2452093190514
9.83472840664765,16.1150614719372
8.01856170168212,17.0617346395738
8.21664686540131,19.1269129689317
5.4356909778231,18.1442274292931
11.2325662668723,18.7069334066473
6.40211756736007,19.6010868565645
15.3522385712871,16.5712208731566
3.00583756487003,19.5994809060358
1.96084526963108,17.1147406555247
7.54106499733159,16.9427990028635
8.49398538319469,16.323049570201
9.96498592048051,19.6710454241838
3.81645890107919,16.2789384706412
22.1195441300003,19.1371319955215
11.5518616698573,19.8140690068249
4.13826361314463,16.3685575977433
12.8785185213704,18.3991075702943
8.10792653058394,19.8673039383721
5.25887326328896,17.9221465019509
5.68167918951378,19.865874114912
18.7837119422326,18.0838161590509
8.87157249035858,19.2779805883765
5.07868329674194,18.7883788708132
6.62696020880357,16.6426857328042
6.63151093406843,17.8249908180442
9.39578610964363,18.4630321722943
6.26405097113476,17.2605590929743
13.4698074371061,18.9307570050005
12.4722518687099,19.9174705031328
6.43029165671963,17.6878626202233
8.47769328971081,18.4046033001505
9.85639765867583,19.7124323272146
10.8636671456866,15.8108417259064
10.1110379733304,16.9547159364447
5.52419034367858,19.4610750186257
7.97238610181967,19.3763786496129
4.02194835746195,17.2562715713866
10.4561844655703,19.3532047676854
5.58360872996796,16.1178804631345
12.3429566316819,15.8291288441978
4.07011203954652,15.3276534285396
5.59487028668355,15.4987624811474
4.64849179249212,18.8798362726811
13.063675343126,18.497473198222
10.9217157211526,16.6135146096349
11.9261623671899,19.1171756316908
9.76368263956963,16.4141394547187
10.3256718679253,19.3712182517629
4.0086995320562,15.3201294189785
7.08413284222173,19.5340589655098
14.0355299270423,18.3941452635918
10.8591878922383,16.8781996227335
9.39788427496745,17.4543892510701
5.53159789588639,15.8467324043158
16.7254275977471,16.2688851507846
6.6842375553391,16.9464928004891
2.22644754750239,17.2080928552896
4.7252124985323,19.1283424408175
17.5371034641733,18.6114101507701
9.58207866085605,19.9667367315851
0.892101134537335,17.2474879887886
18.1852418094315,16.1287519498728
12.3890011589918,17.1518219262362
13.1730228784328,17.4618562182877
11.6754546232706,18.4763756208122
6.83356137934895,16.7762931319885
2.63579528780896,15.1903698581737
4.26623816805046,19.8966904589906
10.0896663646934,15.4658011032734
14.2179115505265,17.1129307884257
6.29229086061746,16.1255721072666
5.46029874955317,16.9378393620718
6.85881745348678,18.796063142363
8.6930613026764,18.1976932799444
10.4422083521202,18.7511524988804
8.55695073762998,19.963173083961
4.43117577149949,19.0175551909488
3.98724575025923,19.2507856781594
15.9959518013076,17.230881297728
24.258167658507,17.7149794052821
9.07742693202227,16.1156979831867
5.55199974394532,18.5109737410676
5.62501567108386,18.4581764985342
7.84173341722281,18.9302079891786
6.77806278507052,19.5615915767848
11.9496138620172,17.6111395959742
7.86841964317056,18.0476283747703
20.9448115998983,19.6201526653022
13.0582473512325,18.971852719551
5.3673093306472,19.9686510942411
7.54884168057139,18.4994073421694
7.16536512793348,18.4773082740139
12.6114935516508,16.8050712486729
7.53542191300982,19.4497281336226
11.820755585564,16.433029640466
9.25832105129238,15.1897688920144
8.5788353617594,18.0507581424899
10.6975151879886,17.1194498951081
4.70113394908202,19.1164044837933
9.65631912955944,16.0661906038877
5.72087706579609,19.9514499737415
15.9719759170854,19.7722995374352
5.35344366805869,16.7985975800548
6.71202461400957,15.4868463752791
8.0300329898851,19.0785178146325
9.96280832488277,15.5830090108793
4.24054828076104,17.1808926213998
9.89807750582075,16.4846766064875
8.72390457465527,16.1303708981723
5.37980386679079,16.6507686709519
5.59352488562671,15.0748648867011
7.43370969080206,19.3884452083148
8.82785929333366,17.7422892034519
6.91364950995302,16.9237181358039
11.7059217718738,17.1530958171934
16.1279562989043,15.3944892820437
12.8398796334158,19.7544974682387
7.52959919856295,15.6377129419707
6.98609823369554,19.9742355034687
11.3621725776627,17.7656674187165
12.3828689966852,17.5770437321626
8.13998068443572,15.1822227111552
6.27659837791278,15.1143465016503
13.6922254492128,17.2103711031377
3.38848201820911,17.4341821810231
3.03016731902221,18.0050780752208
4.14189806751607,15.9268281678669
9.58605747435694,16.3970199762844
2.87376040351204,17.1252803585958
4.13843499976419,17.4199926725123
10.4491531088368,15.1784307137132
7.82758584877054,15.9568315907381
12.8429385133575,17.9173753468785
12.28324148327,19.1247632401064
17.4979465745857,19.1995789692737
12.0375558256979,16.2142904417124
14.9585023515299,19.3606605473906
3.47317502080455,17.5642616231926
5.47221608676291,19.7391189169139
6.09921425643853,19.5040515274741
6.07186377660905,18.935377827147
7.3783129845532,18.069574580295
3.18286980966812,16.2180099228863
10.5350176832561,19.4677171006333
2.6699191774161,18.6402099288534
14.2302981335863,15.3622339654248
1.93652466295474,16.1818818887696
7.41461424408416,15.7792439404875
3.65189052454147,17.7939725853503
10.8926329684452,15.6776335940231
11.0363930958488,18.5214311187156
10.7640226128106,17.0235797401983
12.6688721324623,17.184946462512
6.25794842276549,16.9427882123273
6.69998438459301,15.2640570350923
7.6878515785182,17.0784154243302
2.81169673041941,16.3377548870631
5.53959411760475,17.0284976053517
4.54314803468404,19.7712016198784
4.1843806223115,16.6299127577804
8.01313372241624,17.8987187205348
11.7579177011159,19.2867915297393
4.98434153097419,18.0244707455859
11.9246534673375,16.6391215973999
10.4177215645243,17.0526405342389
8.84299614339513,18.7876425206196
11.1299442533647,15.1379716477823
6.6652962837814,18.7640549207572
10.7641942658528,15.4690494597889
4.9048486270522,15.7533953723032
5.79087651477608,16.8544862954877
6.34130530911698,18.7603817449417
4.47439553387745,15.7791036553681
8.96727020806886,19.9287514633033
8.07704475175514,15.6451610673685
12.2172358401382,15.0375896459445
2.5339608406655,18.6412935890257
5.45529368835684,19.7545220912434
6.96610481686701,19.2019819258712
9.38526253540718,19.2445802560542
10.6468401335214,17.2728109546006
8.2376860167321,17.4611750221811
8.7537104106491,17.5837543047965
5.49224608480933,15.638559270883
2.42418797921034,17.904440483544
9.77035520983376,19.5275336876512
8.39288321398849,15.2645909483545
7.53275620523272,15.069331433624
12.4733405134809,18.9963522518519
4.85191812941816,18.356839941116
6.237587616,18.7602250219788
6.01865569114127,16.5131374122575
4.7831597950905,18.5935559507925
4.94184037233974,15.2685280318838
7.38448197016409,18.4502018941566
6.39856535760854,18.5510063380934
6.32809187665002,16.1534238548484
3.24799996948437,18.2077227090485
8.39711751953775,16.3265078910626
10.2405922635157,19.7255339240655
25.8263290635618,15.1755723974202
16.4296993862667,16.2192694132682
11.170984639176,18.5760209930595
7.55483243787407,18.004334741272
4.32460630142902,17.6878684852272
2.79039642298401,16.2645239860285
4.3483616644126,16.5037294756621
18.2152764346229,18.8784259592649
7.25773017947265,17.3192021204159
2.39286390776973,16.9748159241863
14.2678785853479,17.0936040359084
6.70310739685728,18.3953563158866
20.3267265176489,18.3103014633525
7.14931838931925,19.9210922105704
5.81037971789773,17.6335016463418
9.23665843052376,15.5826388008427
5.2396043589018,19.2487526824698
5.2755271859635,18.1751315318979
8.20902379566997,18.2819133403245
17.22280905264,15.3117463807575
7.93253118049743,19.1677052003797
6.43149918540623,19.0756884950679
18.6007603194462,18.0539890448563
3.43452672784002,17.5280325987842
4.18734454323261,19.651048395317
10.0959082005679,15.9422776417341
3.68136995869077,15.5509501008783
7.0019111793787,19.467462352477
10.6558822496177,18.8213696226012
9.07281602182692,19.3197401962243
7.13551008545877,19.671252402477
3.38210240006298,15.8299215731677
2.4918881947053,19.2262244073208
16.1217600423344,17.1446151321288
11.6594643036184,16.3459904596675
7.03457941766272,18.5939163388684
9.75168981027857,17.1332563005853
10.6516031255323,19.4205121777486
5.56280948710116,19.2583420604933
9.96947527401487,19.2270110640675
15.7227917903814,16.5648471552413
12.2103799205239,16.377400154015
0.981828650759994,17.3786675732117
8.04370745508863,19.9579215724953
8.18569783120913,16.2844963721
7.11897731823669,16.8131276103668
9.46237876146977,19.130662571406
7.73762290542194,19.0294819080736
13.1186807518213,19.0437423961703
12.61031584087,18.1008470349479
4.02304450505978,18.0409552331548
5.93011065177467,18.2383042771835
11.5017839390121,19.6006853727158
10.6328132262458,19.4060226727743
5.9890138309826,18.4819498937577
6.17643830492362,18.0134680168703
5.17149959387563,17.782543891808
24.0678891308765,16.1866143846419
7.61887441093953,19.7218830068596
5.24669344472703,19.5731943612918
5.34579589786136,16.0782456863672
4.7564024676786,17.1975748136174
10.3164409405372,18.6887482379097
7.80440833397475,18.3405917894561
6.54847974278222,15.3655887150671
3.4936523597867,16.0343237663619
6.39828399503491,17.5068441056646
6.84497358108692,16.0236133157741
5.89181460443828,18.6186625692062
8.33790748094592,17.9576731065754
6.26757509344101,17.5122533610556
7.23127961880078,15.5352241068613
1.59564274080473,16.8262754869647
2.0265434752986,15.5783732060809
9.60565441738883,17.139088207623
7.71079964399747,17.3097458609845
7.56012723029046,18.1866059661843
7.4747650104365,17.4270647927187
5.97017384161066,17.6593688479625
6.51664685312611,19.3597988015972
7.04262793008546,18.164716019528
6.32102921054656,17.6976677309722
9.69783209230776,15.0494192889892
13.3803569234599,16.713815893745
12.3860445341934,16.676811039215
10.5238855006541,17.1252264291979
11.5001806261105,18.5601545893587
7.61081855089306,15.9729519113898
9.73374025286403,15.9254902496468
9.15412092003955,17.9209496895783
2.46301361648829,15.2057455957402
6.74508366232419,16.0426412243396
3.25450728757958,19.5693959784694
5.3624543157182,18.5968583682552
10.5006981418698,18.6232545599341
7.58257403467853,15.6937568401918
2.54832859268817,16.7361669673119
9.1849762878438,15.3924826695584
4.84946940157563,15.4285630048253
4.37606054493244,18.775133213494
5.33431702802251,17.6484962226823
2.35697268732114,17.8038420609664
5.2208986063785,19.1859566466883
5.23818426095731,15.6315398344304
19.3713921203877,15.7317739154678
6.32969327938273,17.7959607832599
9.92037359977089,17.9262594913598
8.37919712558259,18.807609725045
4.21887002367589,19.154944330221
9.4305457867207,17.0645602338482
9.53481568956116,18.6056277388707
4.78227549235841,19.2686511098873
5.27090020482084,15.6492681789678
8.08912941166688,18.1382772210054
12.6415036225494,16.8058530555572
10.9709271709291,18.3156010543462
9.37149575390569,15.8556225092616
3.54543191301731,15.0624356616754
18.5965755104502,18.1719731516205
14.0058228688376,16.2382787407842
13.202182011237,18.4241234965157
3.15579381921826,18.6135495698545
3.1181774966716,19.919902755646
7.96922620205705,18.1506661686581
13.411533883435,17.5582686823327
3.03133029132514,19.4971009122673
7.60932349183794,16.930750265019
10.3713112169801,15.4266959591769
2.59952016724399,16.2428012199234
7.25789652492607,17.6035016181413
15.2024162787303,18.1380500725936
13.4570863901148,16.6480189177673
4.87645746043544,16.6488320240751
8.81414367565338,16.9670861680061
10.5248233507562,16.4024015318137
21.5363964914925,17.9347623989452
5.73634997380545,19.5682754751761
16.077058118252,17.6842764974572
14.8041196487947,18.7702791497577
10.5935378420935,16.1213153379504
4.60217494197773,17.2173900529742
14.1309895143426,15.3680897143204
12.1462835820881,19.4047519948799
3.16816206208599,15.0820994703099
4.13850945190143,17.5781676382758
7.29238725389227,17.8111150977202
3.87693088111527,17.530912423972
7.32191662303085,19.713954058243
6.02975284226001,19.5378197799437
6.3214442056328,17.1012276713736
11.8146881751613,18.1668517249636
2.94416623063955,17.8591723088175
20.9812588603792,18.1562623486388
14.8354234382569,18.2872997003142
9.02135156669196,18.9838461519685
8.29550496930823,19.6106963709462
3.9758741992036,17.3556582990568
9.35691586941657,15.8507820323575
2.37140629388755,17.5570475414861
8.61682063516199,16.5674784453586
6.05900042781477,17.1761869080365
5.1458139165418,19.4681532052346
12.6212799197093,15.4167657182552
13.862712452765,18.653036711039
7.30247351539409,15.0800003914628
9.28172297266246,19.0816114156041
5.91839471424652,15.0317186454777
5.50571393268652,17.8032047557645
8.34629403249384,15.1141062623356
11.6676989269939,16.4298272039741
3.11274791582136,17.0178067672532
4.06842226347477,16.362649028888
9.85282794867886,15.2772573172115
11.5221208826657,18.4589281666558
5.9817233391166,19.0964554040693
10.8031616136006,17.2358012979385
5.60728612847236,15.275365121197
13.9271024912367,15.2122934174258
4.45532347529718,17.4588417238556
4.58138128760682,17.4896714650095
4.01365518090447,17.7660291548818
7.45433255515243,16.266860057367
10.8812425622649,16.9841863634065
17.7737763463992,19.5201864652336
11.0169455645413,17.2167068987619
3.55301266976312,17.4268847482745
4.65942340092507,15.02845626208
2.36902329100174,18.8260818086565
11.3547279995779,18.3666484849527
6.25483077082594,16.5618394769263
14.1856419866885,17.4612343031913
9.43045362339645,15.7745248579886
3.63817413569152,18.0968923075125
9.12409669914651,16.1328135186341
5.70313273580534,17.8727814625017
5.36371732060434,18.2994365948252
8.9864764066718,19.1696501057595
6.836803850312,19.6091777808033
10.1053579072815,18.79154841532
5.96348881679619,19.9203657766338
5.71106063548426,19.2359834013041
2.54449414037024,19.5894339564256
7.52371857932178,15.2254312008154
6.78984454864027,18.1123016192578
7.45041827704275,17.8655948583037
4.69483694520203,18.6768872942775
7.71067893049632,15.9125941002276
12.9449511727853,15.9102388832252
4.66167609237269,19.3953509395942
21.6328325771668,16.2461253174115
3.04856267242496,16.2117592990398
2.77655081028513,17.0593513490167
13.8213497039626,17.5465736945625
8.44239458906992,17.6584784430452
14.9943217402876,18.2373270683456
4.5467866088501,19.9368872947525
10.4703289365766,15.105586880818
6.11325863926724,15.5938908515964
11.7012155246833,16.8588571017608
9.92970208234256,18.9557864156086
2.08000908278745,19.7696941939648
6.48161417873694,19.8284029192291
8.58674275014993,15.9226238483097
5.38365584634472,15.9246954252012
4.57431121991287,16.0889900429174
11.8453128943466,15.5889043258503
4.61450112670121,17.1571665478405
8.76393557329843,16.7906082759146
3.82967325385994,19.1983962745871
8.99475055857196,16.5731048758607
2.89700508442562,16.4432683575433
11.8485474979657,18.0947535496671
13.4377378366653,18.5351078899112
3.14981218283905,18.5566953523085
2.18441287906973,19.0253139706329
8.07418972171678,18.2603609608486
7.10840985838474,19.1952693357598
4.29130454151375,18.3403131680097
4.76673708937574,18.1144047959242
9.21074482763024,15.0963480700739
1.67198591475942,15.7927793276031
15.0605051726389,17.8973989293445
3.2194277886147,15.173465332482
3.88077254857992,16.0209354374092
13.7869998659001,17.945982592646
8.35839380443298,19.7831975622103
9.23345498536191,16.1340077861678
13.2962946122884,16.2158910941798
4.43036709217286,15.649063695455
10.2117091979263,15.591439884156
13.9067141432248,17.5976707378868
7.38747358081411,18.2975690753665
11.9587950031594,17.9249797959346
8.67467276890102,16.4946269104257
6.72085380585644,15.7985404122155
3.06757901377717,15.3804774908349
6.74094787305616,18.9522429800127
5.65667430923083,15.8387307845987
2.26810211519989,16.5093311469536
16.0160620438807,19.7698689531535
12.2064928254106,15.3406574914698
3.41190773464139,15.5031152442098
5.61922411712578,17.8443806001451
3.51319660121841,15.3827491833363
10.0747724460046,19.6028031397145
7.82663294605415,19.1841631638817
4.72621442695781,19.1873461788055
5.50869391047781,17.5312511820812
10.8991707688425,17.7664436609484
4.34931692513327,16.7098333348986
8.88961509975384,16.9033884303644
8.53824095176869,17.4570934404619
5.02789798572183,17.5681982678361
7.07183191208099,19.0009938867297
4.59466301855663,17.4920925858896
3.23327331121117,18.6270314548165
10.6502019869093,18.7853861483745
6.59069408053419,17.4685628234874
7.04706910068664,15.8050821907818
4.81299036181341,18.3753234497271
7.07497879505727,15.2554234780837
13.9609738225768,15.6004759529606
10.2818415068328,19.7201151004992
5.37797904597521,19.1849142638966
22.3833409991742,19.1881796263624
4.65139844971461,18.0644957756158
9.7306016650963,16.387469607871
8.88263408257125,19.7848088643514
9.60190060941357,18.5653047077358
9.67115898348777,19.7296186594758
4.81521551580258,17.4006354936864
10.0327181302673,15.3352785052266
6.98989646682771,15.1449258974753
4.13033410318388,16.8408491055015
4.25682400223817,17.7778905641753
11.617882356166,16.5727670979686
3.45074218049684,16.583085146267
11.6608696369853,17.5800977717154
2.73673120975136,17.3462199606001
8.08553734204541,19.659687980311
5.24250209681529,18.7385189521592
8.27821693015595,18.810721746413
4.30404526097137,17.8977714909706
6.25270794685203,16.7869908676948
5.19960662124013,15.8451896253973
7.72217847735157,17.8767360141501
7.88336544778953,17.8425921662711
7.55668934073492,18.7379090499599
11.3134643263715,15.9264998487197
9.470568262795,18.314528161427
3.93903641061889,19.3528224097099
9.75724122383159,19.5239469758235
6.53486342226504,15.7629812322557
4.37946717459964,15.9309768641833
4.01779876290649,19.0713299787603
9.79895510687466,17.1131023031194
10.9213526084391,15.2761850808747
9.50509975766376,19.2165315744933
6.95461685945613,18.3566302550025
5.18341111420159,15.174674281152
8.96522128897175,16.2473888683598
17.8322143290566,19.3777820642572
7.43519445539919,17.0249946392141
8.00473270805474,15.9064243803732
6.75179488367329,15.1438485085964
4.60747524694337,19.658431801945
23.2638251377581,15.6044258351903
6.86008499563595,16.4420029358007
14.0389481025845,16.2835419003386
7.9408694096505,18.4943380625919
6.06422987508007,18.4709746879525
4.66678512205773,18.6797117686365
2.79395894761718,17.9106378962751
6.80894250443241,19.8626193939708
9.11406723276968,16.6254407784436
8.6970415690037,19.9745582591277
11.7896101807611,19.6696124307346
12.073342703386,18.7489085516427
8.08486455952536,16.0719173180405
9.73079357329022,16.0966166481376
11.9056011194898,15.9607917198446
21.3723844699526,19.538692542119
10.3352990215915,19.1118387586903
10.7584528347416,18.0096478608903
6.06841267565303,18.8498368533328
2.02088683527273,18.2655524171423
5.61291975046048,19.7371324733831
4.41485492534457,18.6209080030676
6.43036203354759,19.3901074468158
3.46869021308916,18.0617924558464
9.84545583863694,19.8447722382843
8.14334944812939,17.9911954374984
6.75281652805672,17.5547632388771
17.1841870170795,17.7642021025531
2.06122010067046,16.5627288806718
9.08490134810533,18.9157617662568
8.9128447969622,15.6785205879714
4.98916558786753,16.3494893442839
5.78311197869144,17.1631581522524
6.01393336655859,18.3092268742621
5.71874321160072,16.784588242881
16.7959344067105,19.2711792653427
16.3201230656732,17.2143603733275
8.68876416168123,16.160564875463
4.98284786118912,19.9336013302673
13.0981381392507,19.5975710009225
13.5826818772292,18.4485563344788
14.7563526179937,17.9936162475497
8.85439956981599,19.3338699697051
3.44022514876864,19.0794391988311
2.32695390749535,19.7359662444796
6.74152198545425,18.2604975264985
5.08076922070379,16.6188906319439
7.58784812938706,19.8488067602739
4.09583517942158,17.3767188191414
7.48634430509623,19.7648550290614
10.5752027690941,17.4196696432773
8.43793746540523,19.2887130228337
8.31992915323602,17.9131372540724
9.4934133450739,17.1594526874833
2.15062502715328,18.0085253890138
6.04396949964559,15.3619608434383
9.92440848128119,17.2219652705826
6.4200871368818,19.9626420962159
4.62567575412518,17.9621955682524
9.45800041895882,19.9733867170289
3.08665167440056,19.7531229711603
8.0947547682459,18.9931863150559
4.10509418461914,15.7140445557889
6.07773576836263,23.3468389196787
1.72476860664244,22.7263992303051
4.00257534560151,23.4201622148976
5.84332115729315,21.0382331116125
8.85456278938096,20.8646639820654
9.22922110827571,21.4108596462756
6.53050269311224,24.8022009094711
9.7867652058323,21.2815595441498
4.4928734820128,24.7960203129333
10.0597778048353,21.0765506327152
11.8655679910194,23.5251542762853
7.16002951359111,21.9523952598684
5.84327737543048,20.8606649830472
5.68529845266347,20.6017406878527
4.71044213272075,20.8558116841596
7.07521524274644,23.8996307738125
14.6581619463581,24.8935901606455
10.8831580902297,22.6935843599495
19.6774788160466,23.1275603314862
7.36060970112004,24.4592031778302
13.4829955564869,23.2408056326676
5.55884963188075,23.4056283871178
9.17330092083926,21.7566251358949
6.85279260296832,24.1066442045849
10.9996997810476,23.01780773676
12.9576296068633,21.7087578773499
3.72021975681401,23.2989096676465
5.36990743242747,22.2415929776616
6.36613177338885,23.7055627116933
7.51431235530779,22.173129998846
4.75132916678784,23.33326067077
10.0382969211503,23.1027578981593
9.20362845629618,22.754702011589
4.00966874976067,24.537878340343
9.44409206710282,22.6314034184907
8.2083691128808,21.2216945528053
3.93921271852698,24.8763727641199
8.51151301069843,21.9131505442783
5.33459528184904,24.8565283836797
4.52515186550016,21.6486800881103
8.47967687155725,21.6334604192525
9.32258915185946,21.7773014935665
2.67806521518011,20.0838957494125
6.44779447226809,24.9926488776691
1.40381224442793,20.0765010970645
6.69959000021848,22.6562902529258
13.2852001946326,21.8736668687779
2.3809286331168,22.2186472639441
1.4424141827381,20.3696951922029
8.61469045556711,24.0510269568767
13.151525855159,24.0620221896097
3.13957600563851,24.8493073543068
11.6817624281745,24.6679182746448
6.49305540097096,21.818928756984
5.79321277082921,23.5042573569808
6.38251294110562,24.1438219847623
7.24641208792427,24.5921140362043
2.19829773704728,20.8181209571194
6.16900464728354,24.9526015890297
11.6131429764369,24.8016461788211
6.98428010811028,24.859210755676
7.94589749130077,24.0678417519666
7.12080956337648,22.3918363021221
13.9556502017507,21.3170543406159
4.15575483744983,24.3188763246872
18.8734907217875,21.3063685304951
4.37635052962872,21.4702836459037
3.70943450877672,23.1298043008428
16.4002057000365,21.5519584575668
8.22748195263148,20.7032964134123
11.1117656309427,24.1568332223687
6.13383221087449,24.0333762543742
9.31773030119626,24.9238046922255
4.99251404074775,23.03956167656
5.00469913236797,23.6629130074289
4.21666272725055,20.822453632718
17.362530740317,24.1437275614589
8.09450406104265,23.0075717810541
8.9437618370517,22.7668978425208
7.98073562404145,21.9737666007131
5.08904006031652,20.9790870931465
5.27287030971826,23.5587918723468
11.1948631500966,22.2748934174888
11.61262383667,21.4274241449311
7.15649929936471,24.481917321682
7.44933602487693,24.1112553607672
8.1800027862867,20.2540916134603
3.18326103429997,24.3849839619361
8.18907388924534,22.2630158648826
4.75131079963056,21.2594134744722
3.91846066217232,23.8619450328406
2.32349120007827,22.2016128443647
14.8114036103796,23.6513323325198
6.82562728548667,21.9885496899951
9.30840211143752,22.2107663098723
6.36682554866108,20.5599491787143
9.18528237635235,20.315055422252
5.34748417251507,20.9073501301464
5.72913651440582,22.3700756125618
4.95326307852573,23.2905066886451
6.78290637237977,23.5731586709153
3.96193668977886,23.6703608790413
2.65516980083023,23.6562689952552
8.00285465358348,24.522164054215
6.37215090728591,23.4367174468935
3.41834910379293,20.6688665261026
8.46655029532941,22.3837772221304
4.32869870937205,24.8932353535201
8.20939127251695,22.8746897075325
12.1844225084087,21.2831267225556
6.59767735013845,22.0287374802865
10.7459998512304,21.1198961245827
8.1538263252667,24.8536218365189
13.7886227816325,21.7857103154529
10.2564930907729,23.8363390951417
15.1397444525103,21.1587002407759
1.68389838467512,20.805810772581
11.0152672699552,20.0814503710717
8.44594027179583,21.7507429746911
5.54723193808698,23.1873756414279
8.7320058503576,23.6308029200882
6.3110478834705,21.795336160576
14.3601235991519,23.1702986033633
4.05410137629218,24.5128563779872
4.80276614821478,21.3873584126122
8.83757124639955,20.3609807847533
11.2662011684939,24.8322868382093
8.185348027899,21.7807556677144
3.57280085914123,24.0082349127624
10.8598057309526,24.428937472403
5.21963707321668,23.5385237878654
9.83086832299911,22.6294462778606
6.37086516202206,22.5705213181209
9.33737149090069,23.3800225274172
8.41218436886244,21.8840886536054
8.38668401737381,24.3108392914291
5.0603638675012,24.8348610778339
2.25038658364545,22.8458058496471
7.55390974577704,20.1612441986799
9.60063284509333,23.8273004628718
13.2602719838784,21.5894306427799
10.7320818453225,23.7804338010028
10.4125526607173,21.7432105890475
3.77878888936085,22.0474266109522
16.9529762959839,21.707599904621
4.59431122404249,23.1420492753386
14.2333297167338,21.5892013942357
10.1244477386543,23.8765168178361
14.7723127882145,23.5554100526497
9.23578786182038,20.9496734826826
17.4117501709436,23.3503959083464
4.47402196314444,24.99309648294
11.2681441874084,20.9221682441421
7.46572181019399,21.1204378656112
11.4563583420887,21.7428167967591
7.76547314205887,22.889821435092
15.8869559514983,23.1994881597348
8.62842657521575,24.9342779163271
3.16617854755247,22.7345136774238
5.98059194217927,21.5895570174325
9.5042871668853,22.7136143785901
5.44729373248388,20.3761468583252
4.46086870512926,24.2155979410745
7.20988705670357,24.8225494613871
10.2103239579088,21.8822367035318
7.85690645934322,21.8984874640591
5.279061732264,24.1008658427745
9.416201330446,22.1469904202968
5.04314540061327,23.5597973852418
6.06211782037105,21.7356169817504
11.7547699496998,24.8661731719039
4.24822137581718,21.7071249976289
1.77150872407161,20.0973089644685
11.6345147928998,21.6485870664474
5.46133017552306,22.1571849589236
4.83984156867185,22.7108385460451
10.2746063793608,24.3361103825737
0.803736195485702,24.5669887773693
6.11214764801582,24.706549475668
2.36836735268171,23.4604617056902
8.32722176018694,24.6467452158686
4.00525678078945,20.1809159526601
6.79700619984519,23.9925774850417
8.61276822955737,20.7793019071687
9.91639935892215,21.5762977965642
7.37142420848998,24.7934873064514
8.1289874968616,22.4470203730743
1.97062991404963,21.5324185974896
4.66249448847551,20.5192357196938
10.7419374741563,20.0802547065541
6.60169506194774,23.9909007726237
11.3702489465769,23.699689154746
9.17455788976693,20.8195408503525
9.46736029045105,21.9475408492144
5.44295138917462,20.3776507056318
10.0987980229784,24.6656991518103
12.5242304654129,24.9400638591032
3.08906834657337,21.4875093102455
5.24049931160936,21.8877998704556
7.53458305972359,24.5085935818497
6.16109785946683,24.6293270634487
1.79657218224532,21.609033101704
11.748546254074,22.2526791912969
2.70463596884652,21.3892221823335
5.80445726806711,22.1582581882831
10.2778319655827,21.8855606182478
7.35873234792468,21.0074850695673
5.74801487846272,24.5917534700129
3.47228298089192,22.8852157318033
8.59175425859921,23.589721408207
6.39750105678391,23.5355249186978
12.2956834890028,21.3962871290278
9.25243271959438,24.5297942089383
12.159005944904,22.3216908262111
9.76968450508554,21.2799610535149
11.1033096030901,20.1820315385703
14.1461613861839,20.5247784417588
15.9443635029069,24.4222409569193
5.04676817009505,24.3866843695287
8.60151021546024,24.6097030653618
7.03557228275142,21.8696134060156
8.22966067761423,24.250980662182
8.30372323501017,21.8098614632618
12.4993578306081,23.7838058092166
7.63897928486436,23.590964426985
10.1370179008289,23.2445312861819
5.45252992018276,20.4723339760676
5.56771921661462,20.6741291773506
4.0547713668121,21.0319954727311
9.70599500307758,22.1056111168582
18.8332151388531,21.3388593122363
9.79289923802544,24.6548754151445
9.39390937934035,22.8020811709575
8.76223754124865,23.5577218933031
8.83611607030786,22.9910788312554
7.89031958389041,22.8730011719745
10.0900705918792,20.2319115982391
9.82725853092631,21.8292307085358
6.86248635135483,23.7294220365584
3.63241687888143,22.1096121065784
7.33207870828338,20.5263246770483
15.732103751347,23.1247154413722
6.50104105331349,22.0255773409735
7.54197776009716,24.4185040320735
9.97508349446383,20.4737557948101
3.61395694469332,24.1351748164743
9.57405051854631,21.9089363282546
7.52130589874311,22.3830750747584
5.3113330420635,22.2306575684343
3.6495240119999,22.0893719373271
2.78650041694508,24.4115558813792
4.88689680370533,24.2205096920952
4.11998873112094,21.3609140668996
3.91977293825193,22.1278606669512
8.99019401338887,22.2183282242622
5.05242254751353,24.1265446785837
5.12370221791137,20.2205967681948
9.86235196758414,20.7067498494871
5.31498068624606,20.2349946810864
9.50170372863901,23.4906331496313
18.0457236058224,21.9420065532904
1.32517746886543,23.7524363736156
12.1830407448735,20.1082061976194
9.55396476750195,22.992934420472
4.8677284309839,20.5086651828606
5.81139999503019,24.5052002940793
6.04513794519581,24.8753983958159
9.40619302188876,22.6851330767386
5.76493317367275,24.167785878526
14.8557266610574,20.5227416334674
2.17368818478979,24.6554790448863
8.37224424244799,22.2109517082572
5.482887374474,22.4160578206647
6.00687819857766,24.8085802677087
3.58801776769335,23.8974571041763
19.2939110770068,20.3966183820739
6.68966076233537,21.9165036838967
6.37050728385477,21.8868400284555
13.4062310289075,20.7492229621857
16.418237233332,20.5739185365383
7.52203083082083,24.2487155518029
3.13317274940478,22.6515593228396
3.47767186040222,22.7131665905472
3.37800071439326,22.8672940109391
10.0220590720815,23.6713019199669
10.3725098840987,22.0052766485605
2.34172457460032,20.68824521848
13.8759259860849,24.5906860602554
6.58673944269944,21.7470492259599
10.073494463203,22.832164731808
9.57221730107698,22.5108671968337
6.65249497831053,24.4831087021157
7.59606077483207,23.1143513112329
8.97830969474155,22.7050006377976
8.77980924437457,20.4045051697176
3.85095235951847,24.2671716539189
7.29442834440018,24.1346994193736
7.78072417547253,22.6367591519374
4.37770661624256,23.8496809545904
9.64223575194824,23.8096273515839
7.58166347508197,20.3752411634196
7.09139391574044,23.4193769120611
14.8007021373849,20.310175109189
11.6402707850678,23.3275409112684
12.5235678651069,21.2032967049163
15.2606639063999,21.9413142092526
8.18399653988519,22.5717267266009
3.99106076845904,24.6887093503028
8.2834974776128,22.1790453337599
3.83818649132848,24.3795512453653
4.9323351483746,22.3524790816009
4.75785954150344,24.152513591107
6.93676530671084,20.7493646000512
10.058798652701,22.9691965994425
7.99382516708523,21.0150529968087
4.53350896373494,20.7273541076574
5.08238603314492,22.086170486873
3.54450934161948,23.613125202246
12.6524389454277,24.008893086575
6.28587812155633,23.6333541781642
14.7159580239872,24.0045064559672
3.76042538666424,23.2774127239827
6.86284683225702,24.4042066496331
8.49029464321005,22.5442054308951
3.97586511702672,20.0643077038694
6.3632724126613,22.8115754970349
8.83611315491288,20.0449872540776
10.0693039979589,24.6323338779621
5.60069326948344,20.2956164791249
3.75702600473532,21.5211965539493
17.0813564459868,21.2550636625383
12.4104818846736,23.8180775928777
9.76679060642791,21.8682201416232
5.01426698022101,23.5878303239588
12.2522000533433,24.7265735280234
9.58140755216737,23.6969909106847
4.92385278385264,23.4983126318548
2.72579268063082,20.4106918186881
13.4476503185529,20.3836479526944
7.47089637234255,22.238681553863
12.8978640018153,22.1477481315378
4.51600493332133,22.1628628124017
8.03923709015324,24.943732037209
7.71962310053277,21.1341287568212
2.17845986743954,24.8933522880543
5.89604154550932,24.2534296843223
11.8406741901542,21.5179050294682
5.67746988534462,22.5490144710056
9.53159983101671,23.1971854600124
12.5603791845273,23.9139414019883
5.09705578341085,23.6593255563639
6.8174495592249,21.8110541824717
4.88269619459924,22.2010613651946
10.4420499743021,21.6330808098428
6.60103703409626,23.0658642423805
3.2163936177179,23.0082968063653
9.55498345167314,23.3463296096306
7.76129621710057,22.5931118917651
5.7068240337361,24.5918387023266
16.6123770372104,24.6121866232716
9.0968551425924,21.437602128135
12.0252593193412,22.5125992274843
2.82417430301601,23.3420282020234
3.65669891514061,20.0962781591807
5.17470652761069,20.3173925448209
2.00312410076748,21.0377565713134
9.98129984019378,23.2567189214751
3.56654875361047,24.4264757400379
25.6375944272201,20.4943306674249
7.80862023144111,22.0676913729403
7.69001843028515,22.5789367500693
8.75007051299143,21.2658569496125
9.34645608417155,24.3473872891627
7.98951900640184,20.0198239902966
5.71440872547006,20.8614874340128
10.1924502847445,24.0179360855836
1.04611469800767,21.3074449030682
3.01568295763303,22.6860187575221
5.19920769475811,22.6632763748057
23.6818831301664,24.9389549810439
12.8437342815513,22.9568257497158
14.2259279772275,24.3590079620481
12.6748553848357,20.364195475122
11.9143268685151,24.9586575292051
6.21109044215312,20.4685776121914
17.0240639973059,22.3090946627781
3.76745951176048,23.4726763016079
10.500520674666,21.2996603606734
5.5077802977659,23.2428037957288
6.74075148723927,23.0367127689533
3.12697055062939,24.8750653257594
7.1848098437706,24.4391894445289
7.57138150197169,23.2653473096434
7.25593069933765,23.2802833837923
8.20341320608254,22.7486391644925
6.42820188222845,24.6152454800904
8.9197999595979,20.9204552206211
8.15980157336604,23.346016186988
4.7703623952045,24.6322310774121
10.1049021526922,22.3608307645191
4.23218785464372,23.3562056254596
7.34159049709586,20.6983305932954
7.67867850300837,24.0730477543548
5.92587125023699,24.0183661645278
4.52282152398851,23.1705691840034
8.40004639531858,22.3608463036362
4.04611587747395,21.8031482258812
26.8709307804073,24.8530295060482
4.59375572698314,21.4361288456712
8.17051686111455,23.8065919990186
7.72366205913847,23.678991550114
3.18862405540347,21.2238558894023
8.92400668839873,21.2863358622417
5.97088335951242,21.5555478853639
8.0431006592909,23.8360511453357
9.4664475517829,20.3599670156837
7.42383350996835,21.2284842994995
4.7574379948915,20.5275509832427
5.75245600225601,24.0309128793888
15.1127975438384,24.6545220527332
9.25193038100692,20.2635884284973
6.74185119025749,24.9912543362007
3.50700912676112,24.6530091401655
13.8688676078324,24.5970158732962
9.41623321215274,20.5674130329862
6.47119792943647,24.4949080655351
4.13978821033097,20.3782396763563
18.9399228600452,20.9558272419963
4.88485039811951,22.96075887396
10.8373887419222,23.0509721720591
2.40581728453614,21.3055045134388
3.36447983109221,21.1884883744642
7.61943336144462,21.0075741645414
5.46126101527325,24.9106777820271
3.84991614710468,24.0361359226517
2.47756544744448,24.9687480379362
7.47011687000012,21.0587196121924
8.22687182784437,22.659454124514
9.35532196085992,24.1514264524449
5.90714232269695,20.1158348016907
11.7847789448749,21.7417053191457
6.45499978255434,21.5611495648045
2.94059278419,24.9259649810847
2.74393424878091,23.4468480350915
8.65172493811184,20.3133958682884
8.60991558166538,20.8201456046663
6.75765133528706,22.1159972785972
21.7291504602489,22.7973526809365
6.91456673444674,23.9116266788915
13.2787231455553,22.1106643544044
7.76734070926102,22.5008683884516
3.25337254719023,23.5650935582817
6.51621174281814,23.6209381988738
3.5329872551482,23.2055887836032
4.97050915874632,23.0851996038109
7.33096376144188,21.8685725599062
8.07419378476021,23.8046910171397
7.81756084806897,24.1545184527058
7.50984044501415,23.0210706114303
5.90296054230215,24.0030729211867
4.9776404243829,20.1342682226095
4.73283229735295,23.5691380838398
7.7730379616886,23.1749911047518
16.5134093524427,21.7697776819114
7.17936051801359,22.2689578274731
5.48329035685436,23.0062470410485
8.17059921098789,22.1067438041791
11.6408462110963,22.7552472543903
8.44138004829878,20.2668991056271
9.65175577373166,21.6636592312716
8.09391234422328,20.3783503780141
4.4771082163622,24.8087183677126
2.73245700768863,24.9266398011241
7.0739573811252,21.054540524492
4.67538764006982,23.4327529137954
9.81790524141567,20.7091363752261
2.53680839349292,22.1770190855023
5.51085364529721,22.9227073001675
5.61399547075919,20.8330717147328
7.10339202163065,23.1919701118022
4.4751498667939,21.1389545083512
5.07665130791505,23.2147557474673
6.54267021326416,23.2325120188762
8.74635333376078,24.9832960299682
9.01298650524536,23.0373337108176
1.97010530066055,24.1356264578644
7.64754592492809,23.4353080787696
9.86968030187209,21.1143220821396
6.43076506535534,24.0952825010754
6.17819801012589,21.5195633284748
5.80028360873438,22.4012396868784
7.53716335052126,22.9822650097776
12.4553655127697,20.6129115319345
11.8454225600069,20.843686205335
8.42443965375072,23.700390397571
4.9936058279261,23.5300295404159
4.96767771936696,22.7703074750025
18.3413848811621,20.2685747377109
9.32042757359815,24.0035043936223
12.2212024959367,21.886542259017
6.95607183756715,29.4803900434636
6.37265040125128,26.4960322610568
8.90302408508551,28.4552575275302
4.50926582894255,25.4655354027636
9.49248939472763,28.575384283904
9.90813443406643,26.5334166341927
7.69650320949704,29.1673460055608
5.72896596739748,28.0159732722677
3.96916477781765,29.8286934767384
8.90807082002585,25.7366018171888
5.64122084749274,28.4668718278408
11.2679499681063,28.5170632007066
6.89263752887533,29.4492449169047
6.05835504850656,28.5262963315472
11.4763703624263,27.5024166796356
6.94068933299637,27.4185051664244
7.8949903777314,28.5016665747389
6.94129381126271,29.90681689349
7.42182613159904,29.5786232547835
12.7009623383601,25.0740856258199
9.6996938834277,29.1675541305449
6.15402036724581,26.3154614949599
7.30655837781959,29.4400602474343
16.1213641955149,26.6681316739414
1.38470154888641,28.8854645879474
10.073202148209,27.5114644994028
10.6008764517741,27.6280834455974
7.82605817979228,29.1228647984099
10.8924959615649,27.3910457105376
2.81493868689404,27.2542459715623
5.20800408304649,28.406956352992
5.2725856490134,27.2379372222349
1.52161683436475,29.0392003569286
10.6493429978547,25.7572285365313
9.81725887292688,28.9862051478121
15.1126224994245,27.7643562329467
2.81578584589351,29.1965163813438
7.43255019538494,25.2810976549517
3.11765941757717,26.5278081072029
4.04706983698261,26.1077762197237
8.054780188307,28.0544873757754
10.3391401489395,25.0172210647725
2.12038471047191,25.0139293586835
4.35785029146325,29.1399402532261
6.99997318635748,25.7753065985162
6.8074215483805,27.382694138214
4.53706190212689,29.5909045299049
7.1400016454757,26.1425908165984
18.769778139467,25.314199172426
12.475535402684,26.220080597559
15.1039284952932,26.7624886031263
1.8673044964473,25.4371540877037
7.21189377069782,26.7812228156254
18.4553998105587,26.2117283628322
3.87890429183053,28.6596420861315
6.73061079428334,29.8043995199259
2.73904897726813,27.3056946997531
7.18308244410947,26.0306363401469
13.4927211014267,28.8982974528335
16.0439186144994,25.5265596404206
11.0057418902159,28.0870938056614
13.3164570388658,29.1926132608205
6.53226199849745,25.6164891109802
4.34579696775106,25.5373834306374
10.8720879469705,27.8368720028084
15.1232160204688,28.6049693915993
8.02008633786961,25.2689853811171
3.956245465339,27.6138913130853
2.69931110668268,29.9194744066335
6.61643543068137,28.9402049465571
4.46344422411486,25.8664252550807
4.01506256432271,25.1146841992158
5.65684476925217,27.4419190047774
4.2371890312852,27.3089937889017
7.22484049555187,27.3587061429862
16.0895239590489,29.6679339301772
3.98576147479594,25.6720771559048
4.05884574420021,25.5450032115914
4.40777014149201,28.8183511991519
3.08183135672452,25.3209873836022
15.9619132549909,29.618872764986
10.6200766726827,29.1443402564619
3.65411720703117,28.9286528131925
8.36342808284205,27.2685593226925
9.14652420091021,29.5804586855229
6.29439438751842,28.077377761947
10.5982620361663,29.1741767362691
1.43719090066769,29.6514383098111
3.78190720967436,27.3221501987427
9.65550442474927,29.2237840755843
8.12567250409008,25.8917499403469
15.7947377346087,29.9052910401952
10.1213583347527,25.3094298380893
7.81118673365482,26.0891054640524
3.50345295605396,27.1339597646147
7.13561364620252,25.2332776668482
4.34383934729745,28.6310895986389
10.1462419373001,25.2300855854992
11.573734306756,27.4011392146349
10.0832701867257,27.7102216368075
